<?xml version="1.0" encoding="UTF-8"?>
<extentreports>
    <configuration>
        <!-- report theme -->
        <!-- standard, dark -->
        <theme>standard</theme>
    
        <!-- other configs -->
        <documentTitle>F.A.S.T</documentTitle>
        <!-- report name - displayed at top-nav -->
        <reportName>
            <![CDATA[
                <img src='./Gartner_logo.png'/>
            ]]>
        </reportName>
        <styles>
        <![CDATA[
                p{font-size:40px;} 
            ]]>
        </styles>
        <!-- custom styles -->
        <styles>
            <![CDATA[
                .report-name { padding-left: 1160px; } .report-name > img { position:fixed;height: 9%;margin-top: 0px;padding-top : 0px ; padding-bottom : 50px ;width: auto;}
            ]]>
        </styles>
        !-- custom javascript --> 
        <scripts> 
        <![CDATA[ $(document).ready(function(){$('.logo-container.blue.darken-2').css('display','none');});
        ]]> 
        </scripts>
    </configuration>
</extentreports>