<?xml version="1.0" encoding="UTF-8"?>

<!DOCTYPE suite SYSTEM "http://testng.org/testng-1.0.dtd" >
<suite name="ATO_Testing" verbose="1">

	<!-- <parameter name="browser" value="chrome" />
	<parameter name="url" value="${url}" /> -->
	<parameter name="dataFile" value="src/test/resources/DataSheet.xlsx" />
	<parameter name="sheet" value="LocatorsDetails" />
	<parameter name="sheet" value="DatabaseDetails" />
	<parameter name="browserDriver" value="//webdrivers//chromedriver.exe" />

    <listeners>
        <listener class-name="cucumberTest.TestNGExecutionListener"></listener>
    </listeners> 

	<test name="OrderProcessFlow" enabled="false">
 
		 <classes>

			<class name="testRunners.OrderProcessFlow" />
		</classes>
	</test>
	
	<test name="OrderWordDocValidation" enabled="false">
 
		 <classes>

			<class name="testRunners.OrderWordDocValidation" />
		</classes>
	</test>
	
	<test name="SummaryPageValidations" enabled="false">
 
		 <classes>

			<class name="testRunners.SummaryPageValidations" />
		</classes>
	</test>
	
	<test name="CGIReportLinkValidation" enabled="false">
 
		 <classes>

			<class name="testRunners.CGIReportLinkValidation" />
		</classes>
	</test>
	
	<test name="ReturnToSearchValidation" enabled="true">
 
		 <classes>

			<class name="testRunners.ReturnToSearchValidation" />
		</classes>
	</test>
    
	</suite>